{
  "ranker": {
    "output_path": "outputs\\dry_run\\team_xxx_dryrun_20260619_095312.csv",
    "wall_clock_s": null,
    "skipped": true
  },
  "candidates_path": "C:\\Users\\arsat\\OneDrive\\Desktop\\india\\india-runs-ranking\\data\\raw\\candidates_5k.jsonl",
  "ranking": {
    "proxy": {
      "ndcg@5": 0.6475521094792619,
      "p@5": 1.0,
      "ndcg@10": 0.6834371650671558,
      "p@10": 1.0,
      "ndcg@50": 0.8674037145855823,
      "p@50": 1.0,
      "ndcg@100": 0.9280345698617833,
      "p@100": 1.0,
      "map": 1.0,
      "mrr": 1.0,
      "composite": 0.8019396969092526
    },
    "proxy_composite": 0.8019,
    "eval_rubric": {
      "ndcg@5": 0.6475521094792619,
      "p@5": 1.0,
      "ndcg@10": 0.6564145129009317,
      "p@10": 1.0,
      "ndcg@50": 0.8102359743973252,
      "p@50": 1.0,
      "ndcg@100": 0.9091783417092743,
      "p@100": 1.0,
      "map": 1.0,
      "mrr": 1.0,
      "composite": 0.7712780487696634
    },
    "eval_rubric_composite": 0.7713,
    "composite_weights": {
      "ndcg@10": 0.5,
      "ndcg@50": 0.3,
      "map": 0.15,
      "p@10": 0.05
    },
    "ranking_score_0_1": 0.7713,
    "jd_literal": {
      "ndcg@5": 0.3132401197181324,
      "p@5": 0.8,
      "ndcg@10": 0.45368905578207774,
      "p@10": 0.8,
      "ndcg@50": 0.5288632256496757,
      "p@50": 0.62,
      "ndcg@100": 0.7252686367169413,
      "p@100": 0.59,
      "map": 0.6728942855543555,
      "mrr": 0.5,
      "composite": 0.5264376384190949
    },
    "jd_literal_composite": 0.5264,
    "worst_case_3rubric_0_1": 0.5264,
    "mean_3rubric_0_1": 0.6999
  },
  "reasoning": {
    "reasoning_score_0_1": 0.9233,
    "per_check_pass_rate": {
      "specific_facts": 1.0,
      "jd_connection": 0.54,
      "honest_concerns": 1.0,
      "no_hallucination": 1.0,
      "variation": 1.0,
      "rank_consistency": 1.0
    },
    "audit_summary": {
      "n_rows": 100,
      "n_clean": 54,
      "n_with_facts": 100,
      "n_with_jd_connection": 54,
      "n_with_honest_concerns": 100,
      "n_hallucination_issues": 0,
      "n_unique_reasonings": 100,
      "mean_pairwise_jaccard": 0.1461,
      "length_distribution": {
        "min": 123,
        "max": 246,
        "mean": 205.09,
        "below_50": 0,
        "above_320": 0
      },
      "rank_consistency": {
        "ok": 100
      }
    }
  },
  "system": {
    "system_score_0_1": 0.9,
    "per_check": {
      "tests_pass": {
        "passed": true,
        "n_passed": 196
      },
      "lint_clean": {
        "passed": false,
        "stdout_tail": "  \u001b[1m\u001b[94m|\u001b[0m\n\u001b[1m\u001b[96mhelp\u001b[0m: \u001b[1mRemove unused import\u001b[0m\n\nFound 408 errors.\n[\u001b[36m*\u001b[0m] 130 fixable with the `--fix` option (17 hidden fixes can be enabled with the `--unsafe-fixes` option).\n"
      },
      "output_100_rows": {
        "passed": true,
        "n_rows": 100
      },
      "monotonic_scores": {
        "passed": true,
        "first_score": 0.99,
        "last_score": 0.199
      },
      "rank_1_to_100_unique": {
        "passed": true,
        "n_unique_ranks": 100,
        "n_unique_cids": 100
      },
      "validator_passes": {
        "passed": true,
        "stdout_tail": "Submission is valid.\n"
      },
      "reproducible": {
        "passed": true,
        "skipped": "skipped for speed"
      }
    }
  },
  "audit": {
    "audit_score_0_1": 0.9,
    "architecture": 0.8,
    "docs": 1.0,
    "notes": [
      "LTR calibrator not at expected path",
      "CatBoost model not at expected path"
    ]
  },
  "feature_importance_summary": {
    "top_20_by_gain": [
      {
        "feature": "yoe_in_5_9_band",
        "gain": 1317.708870071085,
        "split_count": 157,
        "gain_pct": 39.52
      },
      {
        "feature": "ai_keyword_hits_career",
        "gain": 561.3066860993039,
        "split_count": 538,
        "gain_pct": 16.84
      },
      {
        "feature": "seniority_distance_from_ideal",
        "gain": 236.91238991886982,
        "split_count": 262,
        "gain_pct": 7.11
      },
      {
        "feature": "jd_keyword_count_career",
        "gain": 233.49385790565788,
        "split_count": 195,
        "gain_pct": 7.0
      },
      {
        "feature": "location_tier1_india",
        "gain": 101.03838213886047,
        "split_count": 574,
        "gain_pct": 3.03
      },
      {
        "feature": "location_jd_match",
        "gain": 94.51910637812611,
        "split_count": 243,
        "gain_pct": 2.83
      },
      {
        "feature": "has_distributed_systems_evidence",
        "gain": 85.71638431453431,
        "split_count": 406,
        "gain_pct": 2.57
      },
      {
        "feature": "availability_composite",
        "gain": 79.47515633558027,
        "split_count": 514,
        "gain_pct": 2.38
      },
      {
        "feature": "behavioral_negative",
        "gain": 55.02049385824182,
        "split_count": 343,
        "gain_pct": 1.65
      },
      {
        "feature": "ai_career_share",
        "gain": 51.39312917506364,
        "split_count": 76,
        "gain_pct": 1.54
      },
      {
        "feature": "behavioral_availability",
        "gain": 50.67562431233619,
        "split_count": 633,
        "gain_pct": 1.52
      },
      {
        "feature": "seniority_jd_match",
        "gain": 46.17203346834867,
        "split_count": 15,
        "gain_pct": 1.38
      },
      {
        "feature": "location_is_noida_or_pune",
        "gain": 35.80915310349155,
        "split_count": 142,
        "gain_pct": 1.07
      },
      {
        "feature": "github_activity_score",
        "gain": 31.60736462147876,
        "split_count": 555,
        "gain_pct": 0.95
      },
      {
        "feature": "has_ai_career_evidence",
        "gain": 24.801281563588418,
        "split_count": 9,
        "gain_pct": 0.74
      },
      {
        "feature": "behavioral_positive",
        "gain": 21.282586174301517,
        "split_count": 479,
        "gain_pct": 0.64
      },
      {
        "feature": "open_to_work",
        "gain": 18.705499171934207,
        "split_count": 332,
        "gain_pct": 0.56
      },
      {
        "feature": "skill_endorsement_mean",
        "gain": 18.046363939574185,
        "split_count": 389,
        "gain_pct": 0.54
      },
      {
        "feature": "search_appearance_30d",
        "gain": 18.046313337581704,
        "split_count": 418,
        "gain_pct": 0.54
      },
      {
        "feature": "distributed_systems_count",
        "gain": 17.633155296859627,
        "split_count": 123,
        "gain_pct": 0.53
      }
    ],
    "top_10_vs_bottom_10_diff_top20": [
      {
        "feature": "search_appearance_30d",
        "top_mean": 407.1,
        "bottom_mean": 194.4,
        "delta": 212.7
      },
      {
        "feature": "profile_views_30d",
        "top_mean": 97.6,
        "bottom_mean": 62.7,
        "delta": 34.9
      },
      {
        "feature": "skill_endorsement_max",
        "top_mean": 45.3,
        "bottom_mean": 25.8,
        "delta": 19.5
      },
      {
        "feature": "profile_completeness",
        "top_mean": 72.26,
        "bottom_mean": 60.64,
        "delta": 11.62
      },
      {
        "feature": "current_role_tenure_months",
        "top_mean": 30.9,
        "bottom_mean": 22.1,
        "delta": 8.8
      },
      {
        "feature": "skill_endorsement_mean",
        "top_mean": 17.0363,
        "bottom_mean": 9.7715,
        "delta": 7.2649
      },
      {
        "feature": "saved_by_recruiters_30d",
        "top_mean": 19.9,
        "bottom_mean": 15.3,
        "delta": 4.6
      },
      {
        "feature": "ai_keyword_hits_skills",
        "top_mean": 4.4,
        "bottom_mean": 1.1,
        "delta": 3.3
      },
      {
        "feature": "advanced_skill_count",
        "top_mean": 3.9,
        "bottom_mean": 1.0,
        "delta": 2.9
      },
      {
        "feature": "n_skills",
        "top_mean": 12.6,
        "bottom_mean": 10.1,