{
  "ranker": {
    "output_path": "outputs\\dry_run\\team_xxx_dryrun_20260621_024330.csv",
    "wall_clock_s": null,
    "skipped": true
  },
  "candidates_path": "C:\\Users\\arsat\\OneDrive\\Desktop\\india\\india-runs-ranking\\data\\raw\\candidates_5k.jsonl",
  "ranking": {
    "proxy": {
      "ndcg@5": 0.6475521094792619,
      "p@5": 1.0,
      "ndcg@10": 0.6428929848857966,
      "p@10": 1.0,
      "ndcg@50": 0.8288943908236392,
      "p@50": 1.0,
      "ndcg@100": 0.9162510437449446,
      "p@100": 1.0,
      "map": 1.0,
      "mrr": 1.0,
      "composite": 0.7701148096899901
    },
    "proxy_composite": 0.7701,
    "eval_rubric": {
      "ndcg@5": 0.6475521094792619,
      "p@5": 1.0,
      "ndcg@10": 0.6564145129009317,
      "p@10": 1.0,
      "ndcg@50": 0.8102359743973252,
      "p@50": 1.0,
      "ndcg@100": 0.9086314892990365,
      "p@100": 1.0,
      "map": 1.0,
      "mrr": 1.0,
      "composite": 0.7712780487696634
    },
    "eval_rubric_composite": 0.7713,
    "composite_weights": {
      "ndcg@10": 0.5,
      "ndcg@50": 0.3,
      "map": 0.15,
      "p@10": 0.05
    },
    "ranking_score_0_1": 0.7701,
    "jd_literal": {
      "ndcg@5": 0.3132401197181324,
      "p@5": 0.8,
      "ndcg@10": 0.45368905578207774,
      "p@10": 0.8,
      "ndcg@50": 0.5384771793191924,
      "p@50": 0.62,
      "ndcg@100": 0.7273757795700169,
      "p@100": 0.59,
      "map": 0.6711058070205681,
      "mrr": 0.5,
      "composite": 0.5290535527398819
    },
    "jd_literal_composite": 0.5291,
    "worst_case_3rubric_0_1": 0.5291,
    "mean_3rubric_0_1": 0.6901
  },
  "reasoning": {
    "reasoning_score_0_1": 0.9283,
    "per_check_pass_rate": {
      "specific_facts": 1.0,
      "jd_connection": 0.57,
      "honest_concerns": 1.0,
      "no_hallucination": 1.0,
      "variation": 1.0,
      "rank_consistency": 1.0
    },
    "audit_summary": {
      "n_rows": 100,
      "n_clean": 57,
      "n_with_facts": 100,
      "n_with_jd_connection": 57,
      "n_with_honest_concerns": 100,
      "n_hallucination_issues": 0,
      "n_unique_reasonings": 100,
      "mean_pairwise_jaccard": 0.1515,
      "length_distribution": {
        "min": 123,
        "max": 246,
        "mean": 204.88,
        "below_50": 0,
        "above_320": 0
      },
      "rank_consistency": {
        "ok": 100
      }
    }
  },
  "system": {
    "system_score_0_1": 0.9,
    "per_check": {
      "tests_pass": {
        "passed": true,
        "n_passed": 196
      },
      "lint_clean": {
        "passed": false,
        "stdout_tail": "  \u001b[1m\u001b[94m|\u001b[0m\n\u001b[1m\u001b[96mhelp\u001b[0m: \u001b[1mRemove unused import\u001b[0m\n\nFound 418 errors.\n[\u001b[36m*\u001b[0m] 132 fixable with the `--fix` option (16 hidden fixes can be enabled with the `--unsafe-fixes` option).\n"
      },
      "output_100_rows": {
        "passed": true,
        "n_rows": 100
      },
      "monotonic_scores": {
        "passed": true,
        "first_score": 0.99,
        "last_score": 0.199
      },
      "rank_1_to_100_unique": {
        "passed": true,
        "n_unique_ranks": 100,
        "n_unique_cids": 100
      },
      "validator_passes": {
        "passed": true,
        "stdout_tail": "Submission is valid.\n"
      },
      "reproducible": {
        "passed": true,
        "skipped": "skipped for speed"
      }
    }
  },
  "audit": {
    "audit_score_0_1": 0.9,
    "architecture": 0.8,
    "docs": 1.0,
    "notes": [
      "LTR calibrator not at expected path",
      "CatBoost model not at expected path"
    ]
  },
  "feature_importance_summary": {
    "top_20_by_gain": [
      {
        "feature": "yoe_in_5_9_band",
        "gain": 1326.038812852952,
        "split_count": 161,
        "gain_pct": 39.7
      },
      {
        "feature": "ai_keyword_hits_career",
        "gain": 503.45584410188434,
        "split_count": 581,
        "gain_pct": 15.07
      },
      {
        "feature": "jd_keyword_count_career",
        "gain": 321.6071146542331,
        "split_count": 324,
        "gain_pct": 9.63
      },
      {
        "feature": "seniority_distance_from_ideal",
        "gain": 230.06879286301935,
        "split_count": 202,
        "gain_pct": 6.89
      },
      {
        "feature": "location_jd_match",
        "gain": 96.4516890976047,
        "split_count": 195,
        "gain_pct": 2.89
      },
      {
        "feature": "location_tier1_india",
        "gain": 94.8634217179806,
        "split_count": 507,
        "gain_pct": 2.84
      },
      {
        "feature": "availability_composite",
        "gain": 85.83370794206483,
        "split_count": 660,
        "gain_pct": 2.57
      },
      {
        "feature": "has_distributed_systems_evidence",
        "gain": 73.60504498700786,
        "split_count": 337,
        "gain_pct": 2.2
      },
      {
        "feature": "ai_career_share",
        "gain": 73.43373652758376,
        "split_count": 76,
        "gain_pct": 2.2
      },
      {
        "feature": "behavioral_availability",
        "gain": 50.16991847814231,
        "split_count": 682,
        "gain_pct": 1.5
      },
      {
        "feature": "seniority_jd_match",
        "gain": 47.59804887440987,
        "split_count": 16,
        "gain_pct": 1.43
      },
      {
        "feature": "behavioral_negative",
        "gain": 35.1637047948948,
        "split_count": 418,
        "gain_pct": 1.05
      },
      {
        "feature": "github_activity_score",
        "gain": 29.75062890673013,
        "split_count": 408,
        "gain_pct": 0.89
      },
      {
        "feature": "open_to_work",
        "gain": 28.368877497223366,
        "split_count": 322,
        "gain_pct": 0.85
      },
      {
        "feature": "product_company_count",
        "gain": 25.878884465045942,
        "split_count": 357,
        "gain_pct": 0.77
      },
      {
        "feature": "location_is_noida_or_pune",
        "gain": 25.2631761347875,
        "split_count": 134,
        "gain_pct": 0.76
      },
      {
        "feature": "has_ai_career_evidence",
        "gain": 21.824660420417786,
        "split_count": 7,
        "gain_pct": 0.65
      },
      {
        "feature": "behavioral_positive",
        "gain": 18.537115671956048,
        "split_count": 412,
        "gain_pct": 0.55
      },
      {
        "feature": "distributed_systems_count",
        "gain": 18.4321876130275,
        "split_count": 131,
        "gain_pct": 0.55
      },
      {
        "feature": "search_appearance_30d",
        "gain": 18.044671624880447,
        "split_count": 458,
        "gain_pct": 0.54
      }
    ],
    "top_10_vs_bottom_10_diff_top20": [
      {
        "feature": "search_appearance_30d",
        "top_mean": 407.1,
        "bottom_mean": 237.5,
        "delta": 169.6
      },
      {
        "feature": "profile_views_30d",
        "top_mean": 97.6,
        "bottom_mean": 54.4,
        "delta": 43.2
      },
      {
        "feature": "profile_completeness",
        "top_mean": 72.26,
        "bottom_mean": 62.06,
        "delta": 10.2
      },
      {
        "feature": "skill_endorsement_max",
        "top_mean": 45.3,
        "bottom_mean": 36.8,
        "delta": 8.5
      },
      {
        "feature": "skill_endorsement_mean",
        "top_mean": 17.0363,
        "bottom_mean": 11.8983,
        "delta": 5.138
      },
      {
        "feature": "current_role_tenure_months",
        "top_mean": 30.9,
        "bottom_mean": 26.3,
        "delta": 4.6
      },
      {
        "feature": "saved_by_recruiters_30d",
        "top_mean": 19.9,
        "bottom_mean": 15.5,
        "delta": 4.4
      },
      {
        "feature": "ai_keyword_hits_skills",
        "top_mean": 4.4,
        "bottom_mean": 1.4,
        "delta": 3.0
      },
      {
        "feature": "ai_keyword_hits_career",
        "top_mean": 3.3,
        "bottom_mean": 0.6,
        "delta": 2.7
      },
      {
        "feature": "jd_keyword_count_career",
        "top_mean": 2.6,
        "bottom_mean": 0.7,