composite,ground_truth,map,mrr,ndcg@10,ndcg@100,ndcg@5,ndcg@50,p@10,p@100,p@5,p@50
0.7701148096899901,proxy,1.0,1.0,0.6428929848857966,0.9162510437449446,0.6475521094792619,0.8288943908236392,1.0,1.0,1.0,1.0
0.7712780487696634,eval_rubric,1.0,1.0,0.6564145129009317,0.9086314892990365,0.6475521094792619,0.8102359743973252,1.0,1.0,1.0,1.0
0.5290535527398819,jd_literal,0.6711058070205681,0.5,0.45368905578207774,0.7273757795700169,0.3132401197181324,0.5384771793191924,0.8,0.59,0.8,0.62
