composite,ground_truth,map,mrr,ndcg@10,ndcg@100,ndcg@5,ndcg@50,p@10,p@100,p@5,p@50
0.8019396969092526,proxy,1.0,1.0,0.6834371650671558,0.9280345698617833,0.6475521094792619,0.8674037145855823,1.0,1.0,1.0,1.0
0.7712780487696634,eval_rubric,1.0,1.0,0.6564145129009317,0.9091783417092743,0.6475521094792619,0.8102359743973252,1.0,1.0,1.0,1.0
0.5264376384190949,jd_literal,0.6728942855543555,0.5,0.45368905578207774,0.7252686367169413,0.3132401197181324,0.5288632256496757,0.8,0.59,0.8,0.62
